<annotation>
	<folder>images</folder>
	<filename>img (40).jpg</filename>
	<path>C:\Users\Moses Olafenwa\Documents\AI\Custom Datasets\FIRE DETECTION\dist\images\img (40).jpg</path>
	<source>
		<database>Unknown</database>
	</source>
	<size>
		<width>264</width>
		<height>191</height>
		<depth>3</depth>
	</size>
	<segmented>0</segmented>
	<object>
		<name>fire</name>
		<pose>Unspecified</pose>
		<truncated>0</truncated>
		<difficult>0</difficult>
		<bndbox>
			<xmin>104</xmin>
			<ymin>74</ymin>
			<xmax>196</xmax>
			<ymax>160</ymax>
		</bndbox>
	</object>
	<object>
		<name>fire</name>
		<pose>Unspecified</pose>
		<truncated>0</truncated>
		<difficult>0</difficult>
		<bndbox>
			<xmin>215</xmin>
			<ymin>122</ymin>
			<xmax>256</xmax>
			<ymax>155</ymax>
		</bndbox>
	</object>
</annotation>
