<annotation>
	<folder>images</folder>
	<filename>small (121).jpg</filename>
	<path>C:\Users\Moses Olafenwa\Documents\AI\Custom Datasets\FIRE DETECTION\dist\images\small (121).jpg</path>
	<source>
		<database>Unknown</database>
	</source>
	<size>
		<width>156</width>
		<height>235</height>
		<depth>3</depth>
	</size>
	<segmented>0</segmented>
	<object>
		<name>fire</name>
		<pose>Unspecified</pose>
		<truncated>0</truncated>
		<difficult>0</difficult>
		<bndbox>
			<xmin>35</xmin>
			<ymin>44</ymin>
			<xmax>47</xmax>
			<ymax>63</ymax>
		</bndbox>
	</object>
</annotation>
